{
	"home": 72.95679999999703,
	"about": 35.63140000000224
}
